{
  "n": 1273,
  "auc_baseline": 0.6834060571635124,
  "features": {
    "mean_entropy": {
      "standalone": 0.6861299734063153,
      "ci": [
        0.656508363706979,
        0.7167233442564156
      ]
    },
    "volatility_mean": {
      "standalone": 0.6500296919780021,
      "ci": [
        0.619033027038185,
        0.67982285749412
      ],
      "incr": -4.13105780899814e-05,
      "incr_ci": [
        -0.007265390389027395,
        0.007067168046529803
      ],
      "incr_sig": false
    },
    "volatility_max": {
      "standalone": 0.6492912653946452,
      "ci": [
        0.6194323605182723,
        0.6787145105459438
      ],
      "incr": 0.0027213343316723204,
      "incr_ci": [
        -0.006554612102482424,
        0.01229473099769691
      ],
      "incr_sig": false
    },
    "flip_rate": {
      "standalone": 0.6063243913144509,
      "ci": [
        0.5776095366706389,
        0.6340661448472129
      ],
      "incr": -0.001099894141643576,
      "incr_ci": [
        -0.0027926650865954888,
        0.0007148884574680022
      ],
      "incr_sig": false
    },
    "mono_viol_rate": {
      "standalone": 0.5367276858330536,
      "ci": [
        0.5056286798149509,
        0.566730867671692
      ],
      "incr": -0.004489943456146284,
      "incr_ci": [
        -0.01057751841725445,
        0.0011801850132501493
      ],
      "incr_sig": false
    },
    "margin_min": {
      "standalone": 0.6595182153830266,
      "ci": [
        0.629277261587124,
        0.6881615889254878
      ],
      "incr": -0.0034029588701557367,
      "incr_ci": [
        -0.007128515912213062,
        0.00021673028366224318
      ],
      "incr_sig": false
    },
    "margin_mean": {
      "standalone": 0.6767963646691282,
      "ci": [
        0.6469392192722463,
        0.70652348947842
      ],
      "incr": 0.002517363352353419,
      "incr_ci": [
        -0.002632689583924719,
        0.008056940745081691
      ],
      "incr_sig": false
    },
    "offmass_mean": {
      "standalone": 0.5147323849113113,
      "ci": [
        0.5006620010818569,
        0.5477788416926325
      ],
      "incr": 0.003890940073842608,
      "incr_ci": [
        -0.0033193328483566735,
        0.010810076108243602
      ],
      "incr_sig": false
    },
    "offmass_slope": {
      "standalone": 0.5402597402597402,
      "ci": [
        0.5068442739273391,
        0.5717375337016957
      ],
      "incr": -0.0010043634298108062,
      "incr_ci": [
        -0.0048785245111231165,
        0.0028199736310066197
      ],
      "incr_sig": false
    }
  },
  "all_dyn_incr": 0.005001161860008652,
  "all_dyn_incr_ci": [
    -0.00822591867326361,
    0.019454950942496843
  ]
}