{
  "n": 1273,
  "sigmas": {
    "0.5": {
      "corr_xquant": 0.292709730543614,
      "corr_entropy": 0.531199915221254,
      "standalone_auc": 0.6341922491027859,
      "incr": 3.872866695930899e-05,
      "incr_ci": [
        -0.0010694293872576365,
        0.0011235596893125835
      ],
      "incr_sig": false
    },
    "1.0": {
      "corr_xquant": 0.25718246600747124,
      "corr_entropy": 0.5162252956779755,
      "standalone_auc": 0.6262864372208308,
      "incr": 0.000919160362500282,
      "incr_ci": [
        -0.001429982862637219,
        0.003358671946265952
      ],
      "incr_sig": false
    },
    "2.0": {
      "corr_xquant": 0.2530222729420032,
      "corr_entropy": 0.4709068957141616,
      "standalone_auc": 0.6201905450414398,
      "incr": 0.0036482404275645086,
      "incr_ci": [
        -0.001468643370940484,
        0.009289406163012324
      ],
      "incr_sig": false
    }
  }
}