{
  "n": 1273,
  "b_conf_nunique": 8,
  "b_conf_mean": 0.851413982717989,
  "b_standalone_auc": 0.5407851591748212,
  "incr_over_mean_entropy": -0.0009346518292840944,
  "incr_ci": [
    -0.0025519483577183142,
    0.0006603055698567724
  ],
  "incr_sig": false
}