{
  "n": 1273,
  "wrong_rate": 0.40455616653574233,
  "auc_M0_serial": 0.6841099469733842,
  "auc_M1_additive": 0.7150318928196326,
  "auc_M2_interaction": 0.7163024822604196,
  "primary_delta_M2_M1": 0.0012705894407869511,
  "primary_ci": [
    -0.003037632211379282,
    0.005313054629950221
  ],
  "secondary_delta_M1_M0": 0.03092194584624841,
  "secondary_ci": [
    0.01727869158704224,
    0.04459411594112244
  ],
  "primary_verdict": "NULL",
  "spearman_js_meanent": 0.5379007890431124,
  "seed": 42,
  "n_boot": 2000
}